"Symbol","Name","LastSale","MarketCap","ADR TSO","IPOyear","Sector","Industry","Summary Quote",
"AXAS","Abraxas Petroleum Corporation","2.33","216222280.46","n/a","n/a","Energy","Oil & Gas Production","http://www.nasdaq.com/symbol/axas",
"AE","Adams Resources & Energy, Inc.","65.6","276674297.6","n/a","n/a","Energy","Oil Refining/Marketing","http://www.nasdaq.com/symbol/ae",
"AAV","Advantage Oil & Gas Ltd","4.16","700472606.08","n/a","n/a","Energy","Oil & Gas Production","http://www.nasdaq.com/symbol/aav",
"ANW","Aegean Marine Petroleum Network Inc.","8.86","418564297.2","n/a","2006","Energy","Oil Refining/Marketing","http://www.nasdaq.com/symbol/anw",
"AHGP","Alliance Holdings GP, L.P.","62.37","3733655310","n/a","2006","Energy","Coal Mining","http://www.nasdaq.com/symbol/ahgp",
"ARLP","Alliance Resource Partners, L.P.","73.04","2699781464.16","n/a","1999","Energy","Coal Mining","http://www.nasdaq.com/symbol/arlp",
"ALJ","Alon USA Energy, Inc.","13.44","842219038.08","n/a","2005","Energy","Integrated oil Companies","http://www.nasdaq.com/symbol/alj",
"ALDW","Alon USA Partners, LP","20.91","1306926584.97","n/a","n/a","Energy","Integrated oil Companies","http://www.nasdaq.com/symbol/aldw",
"ANR","Alpha Natural Resources, inc.","5.53","1221040766.96","n/a","2005","Energy","Coal Mining","http://www.nasdaq.com/symbol/anr",
"ADGE","American DG Energy Inc.","1.42","68856840.86","n/a","n/a","Energy","Electric Utilities: Central","http://www.nasdaq.com/symbol/adge",
"AETI","American Electric Technologies, Inc.","8.7","69613711.2","n/a","n/a","Energy","Industrial Machinery/Components","http://www.nasdaq.com/symbol/aeti",
"APC","Anadarko Petroleum Corporation","90.7","45483650622.2","n/a","n/a","Energy","Oil & Gas Production","http://www.nasdaq.com/symbol/apc",
"AMCF","Andatee China Marine Fuel Services Corporation","0.53","5093384.27","n/a","2010","Energy","Oil Refining/Marketing","http://www.nasdaq.com/symbol/amcf",
"APA","Apache Corporation","82.41","32292888231.48","n/a","n/a","Energy","Oil & Gas Production","http://www.nasdaq.com/symbol/apa",
"APAGF","Apco Oil and Gas International Inc.","13.66","402167338.4","n/a","n/a","Energy","Oil & Gas Production","http://www.nasdaq.com/symbol/apagf",
"AREX","Approach Resources Inc.","26.62","1033953436.12","n/a","2007","Energy","Oil & Gas Production","http://www.nasdaq.com/symbol/arex",
"ARSD","Arabian American Development Company","9.23","222492038.99","n/a","n/a","Energy","Integrated oil Companies","http://www.nasdaq.com/symbol/arsd",
"ACI","Arch Coal, Inc.","3.98","844742260.02","n/a","1988","Energy","Coal Mining","http://www.nasdaq.com/symbol/aci",
"ARTX","Arotech Corporation","1.44","23402553.12","n/a","1994","Energy","Industrial Machinery/Components","http://www.nasdaq.com/symbol/artx",
"AT","Atlantic Power Corporation","4.39","525848976.74","n/a","n/a","Energy","Electric Utilities: Central","http://www.nasdaq.com/symbol/at",
"ARP","Atlas Resource Partners, L.P.","21.4","1261026800.4","n/a","2005","Energy","Oil & Gas Production","http://www.nasdaq.com/symbol/arp",
"ATW","Atwood Oceanics, Inc.","55.35","3642427302.3","n/a","n/a","Energy","Oil & Gas Production","http://www.nasdaq.com/symbol/atw",
"BWC","Babcock & Wilcox Company (The)","30.95","3472730451.1","n/a","1993","Energy","Industrial Machinery/Components","http://www.nasdaq.com/symbol/bwc",
"BHI","Baker Hughes Incorporated","49.16","21720236999.56","n/a","n/a","Energy","Metal Fabrications","http://www.nasdaq.com/symbol/bhi",
"BLDP","Ballard Power Systems, Inc.","1.82","179953728.5","n/a","n/a","Energy","Industrial Machinery/Components","http://www.nasdaq.com/symbol/bldp",
"BRN","Barnwell Industries, Inc.","3.25","26900770","n/a","n/a","Energy","Oil & Gas Production","http://www.nasdaq.com/symbol/brn",
"BAS","Basic Energy Services, Inc.","13.89","586489873.77","n/a","2005","Energy","Oilfield Services/Equipment","http://www.nasdaq.com/symbol/bas",
"BTE","Baytex Energy Corp","41.09","5078408469.89","n/a","n/a","Energy","Oil & Gas Production","http://www.nasdaq.com/symbol/bte",
"BXE","Bellatrix Exploration Ltd","6.76","729534664.04","n/a","n/a","Energy","Oil & Gas Production","http://www.nasdaq.com/symbol/bxe",
"BRY","Berry Petroleum Company","41.02","2232947163.44","n/a","n/a","Energy","Oil & Gas Production","http://www.nasdaq.com/symbol/bry",
"BBL","BHP Billiton plc","54.11","144686800276.69","n/a","n/a","Energy","Coal Mining","http://www.nasdaq.com/symbol/bbl",
"BBG","Bill Barrett Corporation","21.55","1050665638.3","n/a","2004","Energy","Oil & Gas Production","http://www.nasdaq.com/symbol/bbg",
"BKEP","Blueknight Energy Partners L.P., L.L.C.","8.571","194413438.842","n/a","n/a","Energy","Natural Gas Distribution","http://www.nasdaq.com/symbol/bkep",
"BKEPP","Blueknight Energy Partners L.P., L.L.C.","9.25","278979611.5","n/a","n/a","Energy","Natural Gas Distribution","http://www.nasdaq.com/symbol/bkepp",
"BOLT","Bolt Technology Corporation","17.93","154664682.04","n/a","1981","Energy","Metal Fabrications","http://www.nasdaq.com/symbol/bolt",
"BCEI","Bonanza Creek Energy, Inc.","40.01","1610935273.16","n/a","n/a","Energy","Oil & Gas Production","http://www.nasdaq.com/symbol/bcei",
"BP","BP p.l.c.","42.19","133837399339.87","n/a","n/a","Energy","Integrated oil Companies","http://www.nasdaq.com/symbol/bp",
"BPT","BP Prudhoe Bay Royalty Trust","93.49","2000686000","n/a","n/a","Energy","Integrated oil Companies","http://www.nasdaq.com/symbol/bpt",
"BPZ","BPZ Resources, Inc","2.25","265079412","n/a","n/a","Energy","Oil & Gas Production","http://www.nasdaq.com/symbol/bpz",
"BBEP","BreitBurn Energy Partners, L.P.","17.97","1791249528.12","n/a","2006","Energy","Oil & Gas Production","http://www.nasdaq.com/symbol/bbep",
"BGG","Briggs & Stratton Corporation","21.65","1042837633","n/a","n/a","Energy","Industrial Machinery/Components","http://www.nasdaq.com/symbol/bgg",
"BC","Brunswick Corporation","35.5","3211190911","n/a","n/a","Energy","Industrial Machinery/Components","http://www.nasdaq.com/symbol/bc",
"BPL","Buckeye Partners L.P.","71.88","7589162783.16","n/a","1986","Energy","Natural Gas Distribution","http://www.nasdaq.com/symbol/bpl",
"CJES","C&J Energy Services, Inc.","19.9","1076893196.4","n/a","n/a","Energy","Oilfield Services/Equipment","http://www.nasdaq.com/symbol/cjes",
"COG","Cabot Oil & Gas Corporation","70.83","14927448990.42","n/a","1990","Energy","Oil & Gas Production","http://www.nasdaq.com/symbol/cog",
"CAE","CAE Inc","11.29","2943174553.67","n/a","n/a","Energy","Industrial Machinery/Components","http://www.nasdaq.com/symbol/cae",
"DVR","Cal Dive International, Inc.","2.16","211520157.84","n/a","2006","Energy","Oilfield Services/Equipment","http://www.nasdaq.com/symbol/dvr",
"CPE","Callon Petroleum Company","3.77","150299671.99","n/a","1987","Energy","Oil & Gas Production","http://www.nasdaq.com/symbol/cpe",
"CPE^A","Callon Petroleum Company","44.5","0","n/a","n/a","Energy","Oil & Gas Production","http://www.nasdaq.com/symbol/cpe^a",
"CLMT","Calumet Specialty Products Partners, L.P.","34.5","2391446091","n/a","1996","Energy","Integrated oil Companies","http://www.nasdaq.com/symbol/clmt",
"CAK","CAMAC Energy Inc.","0.6","93734906.4","n/a","n/a","Energy","Oil & Gas Production","http://www.nasdaq.com/symbol/cak",
"CAM","Cameron International Corporation","64.7","16048565395.1","n/a","1993","Energy","Metal Fabrications","http://www.nasdaq.com/symbol/cam",
"CNQ","Canadian Natural Resources Limited","31.84","34618656072.16","n/a","n/a","Energy","Oil & Gas Production","http://www.nasdaq.com/symbol/cnq",
"CPST","Capstone Turbine Corporation","1.38","420572647.44","n/a","1986","Energy","Industrial Machinery/Components","http://www.nasdaq.com/symbol/cpst",
"CRZO","Carrizo Oil & Gas, Inc.","30.53","1232962751.05","n/a","1997","Energy","Oil & Gas Production","http://www.nasdaq.com/symbol/crzo",
"CVE","Cenovus Energy Inc","31.09","23491438197.03","n/a","1985","Energy","Oil & Gas Production","http://www.nasdaq.com/symbol/cve",
"CGG","CGG","25.04","4418402100.32","n/a","n/a","Energy","Oil & Gas Production","http://www.nasdaq.com/symbol/cgg",
"CHK","Chesapeake Energy Corporation","21.24","14155631958.6","n/a","n/a","Energy","Oil & Gas Production","http://www.nasdaq.com/symbol/chk",
"CHKR","Chesapeake Granite Wash Trust","15.48","723690000","n/a","n/a","Energy","Oil & Gas Production","http://www.nasdaq.com/symbol/chkr",
"CVX","Chevron Corporation","124.06","240490830059.52","n/a","n/a","Energy","Integrated oil Companies","http://www.nasdaq.com/symbol/cvx",
"CBAK","China BAK Battery, Inc.","1.842","23245297.674","n/a","n/a","Energy","Industrial Machinery/Components","http://www.nasdaq.com/symbol/cbak",
"MY","China Ming Yang Wind Power Group Limited","1.67","203482992.01","n/a","2010","Energy","Industrial Machinery/Components","http://www.nasdaq.com/symbol/my",
"SNP","China Petroleum & Chemical Corporation","70.99","70179587459.69","n/a","n/a","Energy","Integrated oil Companies","http://www.nasdaq.com/symbol/snp",
"CYD","China Yuchai International Limited","17.45","650320893.85","n/a","1994","Energy","Industrial Machinery/Components","http://www.nasdaq.com/symbol/cyd",
"XEC","Cimarex Energy Co","72.33","6252910128.18","n/a","n/a","Energy","Oil & Gas Production","http://www.nasdaq.com/symbol/xec",
"CKX","CKX Lands, Inc.","15","29137425","n/a","n/a","Energy","Oil & Gas Production","http://www.nasdaq.com/symbol/ckx",
"CWEI","Clayton Williams Energy, Inc.","51.43","625622086.48","n/a","1993","Energy","Oil & Gas Production","http://www.nasdaq.com/symbol/cwei",
"CLD","Cloud Peak Energy Inc","16.3","991482447.2","n/a","2009","Energy","Coal Mining","http://www.nasdaq.com/symbol/cld",
"CEO","CNOOC Limited","175.61","78403377790.99","n/a","2001","Energy","Oil & Gas Production","http://www.nasdaq.com/symbol/ceo",
"CIE","Cobalt International Energy, Inc.","28.12","11561667323.88","n/a","2009","Energy","Oil & Gas Production","http://www.nasdaq.com/symbol/cie",
"GSJK","Compressco Partners, L.P.","20.52","317972995.2","n/a","n/a","Energy","Oilfield Services/Equipment","http://www.nasdaq.com/symbol/gsjk",
"CRK","Comstock Resources, Inc.","16.65","804079565.55","n/a","1995","Energy","Oil & Gas Production","http://www.nasdaq.com/symbol/crk",
"CXO","Concho Resources Inc.","87.26","9138887182.14","n/a","2007","Energy","Oil & Gas Production","http://www.nasdaq.com/symbol/cxo",
"COP","ConocoPhillips","64.84","79277350911.2","n/a","1985","Energy","Integrated oil Companies","http://www.nasdaq.com/symbol/cop",
"CNX","CONSOL Energy Inc.","27.67","6326166311.56","n/a","1986","Energy","Coal Mining","http://www.nasdaq.com/symbol/cnx",
"CEP","Constellation Energy Partners, LLC","2.05","48668492.4","n/a","n/a","Energy","Oil & Gas Production","http://www.nasdaq.com/symbol/cep",
"MCF","Contango Oil & Gas Company","38.67","587588793.84","n/a","1990","Energy","Oil & Gas Production","http://www.nasdaq.com/symbol/mcf",
"CLR","Continental Resources, Inc.","92.78","17222496718.9","n/a","1998","Energy","Oil & Gas Production","http://www.nasdaq.com/symbol/clr",
"CLB","Core Laboratories N.V.","154.03","7071558888.1","n/a","1993","Energy","Oilfield Services/Equipment","http://www.nasdaq.com/symbol/clb",
"CXPO","Crimson Exploration Inc.","3.17","147795420.37","n/a","n/a","Energy","Oil & Gas Production","http://www.nasdaq.com/symbol/cxpo",
"CRT","Cross Timbers Royalty Trust","26.81","160860000","n/a","1992","Energy","Oil & Gas Production","http://www.nasdaq.com/symbol/crt",
"XTXI","Crosstex Energy, Inc.","21.28","1012917594.08","n/a","2004","Energy","Oil Refining/Marketing","http://www.nasdaq.com/symbol/xtxi",
"XTEX","Crosstex Energy, L.P.","21.67","1740360693.28","n/a","2002","Energy","Oil Refining/Marketing","http://www.nasdaq.com/symbol/xtex",
"QBC","Cubic Energy Inc","0.3","23208272.4","n/a","n/a","Energy","Oil & Gas Production","http://www.nasdaq.com/symbol/qbc",
"CMI","Cummins Inc.","115.4","21895863520.8","n/a","1984","Energy","Industrial Machinery/Components","http://www.nasdaq.com/symbol/cmi",
"CVI","CVR Energy Inc.","49.08","4261667934","n/a","2007","Energy","Integrated oil Companies","http://www.nasdaq.com/symbol/cvi",
"CVRR","CVR Refining, LP","28.05","4140180000","n/a","n/a","Energy","Integrated oil Companies","http://www.nasdaq.com/symbol/cvrr",
"DWSN","Dawson Geophysical Company","40.1","322941620.7","n/a","1981","Energy","Oil & Gas Production","http://www.nasdaq.com/symbol/dwsn",
"DEJ","Dejour Energy Inc.","0.193","28740860.182","n/a","n/a","Energy","Oil & Gas Production","http://www.nasdaq.com/symbol/dej",
"DKL","Delek Logistics Partners, L.P.","32.5","779951770","n/a","n/a","Energy","Natural Gas Distribution","http://www.nasdaq.com/symbol/dkl",
"DK","Delek US Holdings, Inc.","29.29","1754236650.71","n/a","1996","Energy","Integrated oil Companies","http://www.nasdaq.com/symbol/dk",
"DNR","Denbury Resources Inc.","17.75","6623674490","n/a","n/a","Energy","Oil & Gas Production","http://www.nasdaq.com/symbol/dnr",
"DVN","Devon Energy Corporation","55.65","22593900000","n/a","n/a","Energy","Oil & Gas Production","http://www.nasdaq.com/symbol/dvn",
"DO","Diamond Offshore Drilling, Inc.","72.11","10025846155.28","n/a","1995","Energy","Oil & Gas Production","http://www.nasdaq.com/symbol/do",
"FANG","Diamondback Energy, Inc.","37.25","1570517067","n/a","n/a","Energy","Oil & Gas Production","http://www.nasdaq.com/symbol/fang",
"DOM","Dominion Resources Black Warrior Trust","4.53","35560500","n/a","1994","Energy","Coal Mining","http://www.nasdaq.com/symbol/dom",
"DMLP","Dorchester Minerals, L.P.","24.9328","764824386.0368","n/a","n/a","Energy","Oil & Gas Production","http://www.nasdaq.com/symbol/dmlp",
"DBLE","Double Eagle Petroleum Company","3.68","41680298.24","n/a","n/a","Energy","Oil & Gas Production","http://www.nasdaq.com/symbol/dble",
"DBLEP","Double Eagle Petroleum Company","25.1206","40444166","n/a","n/a","Energy","Oil & Gas Production","http://www.nasdaq.com/symbol/dblep",
"DRC","Dresser-Rand Group Inc.","63.75","4855620240","n/a","1980","Energy","Industrial Machinery/Components","http://www.nasdaq.com/symbol/drc",
"DRQ","Dril-Quip, Inc.","94.76","3846148350.36","n/a","1997","Energy","Metal Fabrications","http://www.nasdaq.com/symbol/drq",
"EROC","Eagle Rock Energy Partners, L.P.","7.75","1232638701.25","n/a","2006","Energy","Oil & Gas Production","http://www.nasdaq.com/symbol/eroc",
"ESTE","Earthstone Energy, Inc.","14.99","25966427.5","n/a","n/a","Energy","Oil & Gas Production","http://www.nasdaq.com/symbol/este",
"ECT","ECA Marcellus Trust I","9.47","166719350","n/a","2010","Energy","Oil & Gas Production","http://www.nasdaq.com/symbol/ect",
"EC","Ecopetrol S.A.","42.51","893421914.97","n/a","n/a","Energy","Oil & Gas Production","http://www.nasdaq.com/symbol/ec",
"ESIO","Electro Scientific Industries, Inc.","12.22","363333361.82","n/a","n/a","Energy","Industrial Machinery/Components","http://www.nasdaq.com/symbol/esio",
"EOX","Emerald Oil, Inc.","7.34","311841793.72","n/a","n/a","Energy","Oil & Gas Production","http://www.nasdaq.com/symbol/eox",
"EMES","Emerge Energy Services LP","21.94","509439779.2","n/a","n/a","Energy","Oilfield Services/Equipment","http://www.nasdaq.com/symbol/emes",
"EMR","Emerson Electric Company","57.22","41133319688.6","n/a","1993","Energy","Consumer Electronics/Appliances","http://www.nasdaq.com/symbol/emr",
"EEQ","Enbridge Energy Management LLC","32.33","1721466134.3","n/a","2002","Energy","Oil & Gas Production","http://www.nasdaq.com/symbol/eeq",
"EEP","Enbridge Energy, L.P.","32.83","10319046118.57","n/a","n/a","Energy","Natural Gas Distribution","http://www.nasdaq.com/symbol/eep",
"ENB","Enbridge Inc","44.21","36503799640.52","n/a","n/a","Energy","Natural Gas Distribution","http://www.nasdaq.com/symbol/enb",
"ECA","Encana Corporation","17.12","12629351428.32","n/a","1992","Energy","Oil & Gas Production","http://www.nasdaq.com/symbol/eca",
"END","Endeavor International Corporation","4.15","195465000","n/a","n/a","Energy","Oil & Gas Production","http://www.nasdaq.com/symbol/end",
"NDRO","Enduro Royalty Trust","15.01","495330000","n/a","n/a","Energy","Oil & Gas Production","http://www.nasdaq.com/symbol/ndro",
"EGN","Energen Corporation","55.43","4003293230.43","n/a","n/a","Energy","Oil & Gas Production","http://www.nasdaq.com/symbol/egn",
"ENR","Energizer Holdings, Inc.","108.15","6731284767.9","n/a","n/a","Energy","Industrial Machinery/Components","http://www.nasdaq.com/symbol/enr",
"EXXI","Energy XXI (Bermuda) Limited","24.6","1952619391.2","n/a","n/a","Energy","Oil & Gas Production","http://www.nasdaq.com/symbol/exxi",
"ERF","Enerplus Corporation","15.89","3177917403.78","n/a","n/a","Energy","Oil & Gas Production","http://www.nasdaq.com/symbol/erf",
"E","ENI S.p.A.","42.08","76463259343.2","n/a","n/a","Energy","Oil & Gas Production","http://www.nasdaq.com/symbol/e",
"ESV","ENSCO plc","60.25","14033293353","n/a","1981","Energy","Oil & Gas Production","http://www.nasdaq.com/symbol/esv",
"EOG","EOG Resources, Inc.","144.71","39372675238.21","n/a","1989","Energy","Oil & Gas Production","http://www.nasdaq.com/symbol/eog",
"EPL","EPL Oil & Gas, Inc.","30.39","1193014668.63","n/a","2000","Energy","Oil & Gas Production","http://www.nasdaq.com/symbol/epl",
"EQU","Equal Energy Ltd.","4.02","143182764.06","n/a","n/a","Energy","Oil & Gas Production","http://www.nasdaq.com/symbol/equ",
"EVEP","EV Energy Partners, L.P.","41.04","1748266243.2","n/a","2006","Energy","Oil & Gas Production","http://www.nasdaq.com/symbol/evep",
"EPM","Evolution Petroleum Corporation, Inc.","11.53","329989072.73","n/a","n/a","Energy","Oil & Gas Production","http://www.nasdaq.com/symbol/epm",
"XCO","EXCO Resources NL","8.6","1870820315.6","n/a","2006","Energy","Oil & Gas Production","http://www.nasdaq.com/symbol/xco",
"XOM","Exxon Mobil Corporation","93.4","415291507845.8","n/a","n/a","Energy","Integrated oil Companies","http://www.nasdaq.com/symbol/xom",
"FPP","FieldPoint Petroleum Corporation","3.84","30993930.24","n/a","n/a","Energy","Oil & Gas Production","http://www.nasdaq.com/symbol/fpp",
"FTI","FMC Technologies, Inc.","58.35","13839965137.95","n/a","n/a","Energy","Metal Fabrications","http://www.nasdaq.com/symbol/fti",
"FES","Forbes Energy Services Ltd","4.49","95917503.77","n/a","n/a","Energy","Oilfield Services/Equipment","http://www.nasdaq.com/symbol/fes",
"FST","Forest Oil Corporation","4.58","546361253","n/a","1987","Energy","Oil & Gas Production","http://www.nasdaq.com/symbol/fst",
"FET","Forum Energy Technologies, Inc.","31.05","2858367583.35","n/a","n/a","Energy","Metal Fabrications","http://www.nasdaq.com/symbol/fet",
"FCEL","FuelCell Energy, Inc.","1.25","240079615","n/a","n/a","Energy","Industrial Machinery/Components","http://www.nasdaq.com/symbol/fcel",
"FXEN","FX Energy, Inc.","2.99","159712410.78","n/a","n/a","Energy","Oil & Gas Production","http://www.nasdaq.com/symbol/fxen",
"GST","Gastar Exploration","3.26","200793264.76","n/a","n/a","Energy","Oil & Gas Production","http://www.nasdaq.com/symbol/gst",
"GE","General Electric Company","23.76","245681260157.52","n/a","n/a","Energy","Consumer Electronics/Appliances","http://www.nasdaq.com/symbol/ge",
"GEL","Genesis Energy, L.P.","55.14","4475314310.7","n/a","1996","Energy","Oil Refining/Marketing","http://www.nasdaq.com/symbol/gel",
"GMETP","GeoMet, Inc.","8","43772880","n/a","n/a","Energy","Oil & Gas Production","http://www.nasdaq.com/symbol/gmetp",
"GPR","GeoPetro Resources Co","0.07","3407675.18","n/a","n/a","Energy","Oil & Gas Production","http://www.nasdaq.com/symbol/gpr",
"GGS","Global Geophysical Services, Inc.","4.52","171566010.64","n/a","2010","Energy","Oil & Gas Production","http://www.nasdaq.com/symbol/ggs",
"GLP","Global Partners LP","40.5","1110937801.5","n/a","2005","Energy","Oil Refining/Marketing","http://www.nasdaq.com/symbol/glp",
"GDP","Goodrich Petroleum Corporation","13.9","510999236.5","n/a","n/a","Energy","Oil & Gas Production","http://www.nasdaq.com/symbol/gdp",
"GTI","GrafTech International Ltd","7.09","956218487.44","n/a","n/a","Energy","Industrial Machinery/Components","http://www.nasdaq.com/symbol/gti",
"GTE","Gran Tierra Energy Inc.","6.27","1690249420.2","n/a","n/a","Energy","Oil & Gas Production","http://www.nasdaq.com/symbol/gte",
"GB","Greatbatch, Inc.","35.09","838698055.69","n/a","2000","Energy","Industrial Machinery/Components","http://www.nasdaq.com/symbol/gb",
"GSIG","GSI Group, Inc.","8.69","294900068.54","n/a","n/a","Energy","Industrial Machinery/Components","http://www.nasdaq.com/symbol/gsig",
"GLF","GulfMark Offshore, Inc.","49.01","1308510883.55","n/a","n/a","Energy","Metal Fabrications","http://www.nasdaq.com/symbol/glf",
"GPOR","Gulfport Energy Corporation","50.22","3885777873.54","n/a","n/a","Energy","Oil & Gas Production","http://www.nasdaq.com/symbol/gpor",
"HK","Halcon Resources Corporation","6.26","2316677030.78","n/a","n/a","Energy","Oil & Gas Production","http://www.nasdaq.com/symbol/hk",
"HNRG","Hallador Energy Company","8.2","234561000","n/a","n/a","Energy","Coal Mining","http://www.nasdaq.com/symbol/hnrg",
"HAL","Halliburton Company","44.64","41606228861.28","n/a","n/a","Energy","Oilfield Services/Equipment","http://www.nasdaq.com/symbol/hal",
"HRG","Harbinger Group Inc","7.86","1132061266.86","n/a","n/a","Energy","Industrial Machinery/Components","http://www.nasdaq.com/symbol/hrg",
"HNR","Harvest Natural Resources Inc","4.14","163340715.06","n/a","n/a","Energy","Oil & Gas Production","http://www.nasdaq.com/symbol/hnr",
"HLX","Helix Energy Solutions Group, Inc.","25.45","2696058907.65","n/a","1981","Energy","Oilfield Services/Equipment","http://www.nasdaq.com/symbol/hlx",
"HP","Helmerich & Payne, Inc.","65.48","6968011768.96","n/a","n/a","Energy","Oil & Gas Production","http://www.nasdaq.com/symbol/hp",
"HERO","Hercules Offshore, Inc.","7.6","1212038857.2","n/a","2005","Energy","Oil & Gas Production","http://www.nasdaq.com/symbol/hero",
"HES","Hess Corporation","71.17","24432505707.06","n/a","n/a","Energy","Integrated oil Companies","http://www.nasdaq.com/symbol/hes",
"HEP","Holly Energy Partners, L.P.","39.06","2291144294.88","n/a","2004","Energy","Natural Gas Distribution","http://www.nasdaq.com/symbol/hep",
"HFC","HollyFrontier Corporation","43.04","8741673158.56","n/a","n/a","Energy","Integrated oil Companies","http://www.nasdaq.com/symbol/hfc",
"HOLI","Hollysys Automation Technologies, Ltd.","12.79","716226148.43","n/a","n/a","Energy","Industrial Machinery/Components","http://www.nasdaq.com/symbol/holi",
"HPJ","Hong Kong Highpower Technology","1.11","15076137.66","n/a","n/a","Energy","Industrial Machinery/Components","http://www.nasdaq.com/symbol/hpj",
"HUSA","Houston American Energy Corporation","0.27","14088612.15","n/a","n/a","Energy","Oil & Gas Production","http://www.nasdaq.com/symbol/husa",
"HGT","Hugoton Royalty Trust","9","360000000","n/a","1999","Energy","Oil & Gas Production","http://www.nasdaq.com/symbol/hgt",
"HDY","HyperDynamics Corporation","4.87","102085991.92","n/a","n/a","Energy","Oil & Gas Production","http://www.nasdaq.com/symbol/hdy",
"IMO","Imperial Oil Limited","41.93","35539826531.23","n/a","n/a","Energy","Integrated oil Companies","http://www.nasdaq.com/symbol/imo",
"IOC","InterOil Corporation","75.15","3656245896","n/a","n/a","Energy","Oil & Gas Production","http://www.nasdaq.com/symbol/ioc",
"IO","Ion Geophysical Corporation","6.24","978752673.6","n/a","n/a","Energy","Oil & Gas Production","http://www.nasdaq.com/symbol/io",
"ISRL","Isramco, Inc.","102.02","277258835.82","n/a","1983","Energy","Oil & Gas Production","http://www.nasdaq.com/symbol/isrl",
"IVAN","Ivanhoe Energy, Inc.","0.935","107360676.555","n/a","n/a","Energy","Oil & Gas Production","http://www.nasdaq.com/symbol/ivan",
"JRCC","James River Coal Company","1.75","62751643.5","n/a","n/a","Energy","Coal Mining","http://www.nasdaq.com/symbol/jrcc",
"JOY","Joy Global Inc.","51.56","5478921053.4","n/a","1991","Energy","Industrial Machinery/Components","http://www.nasdaq.com/symbol/joy",
"KEG","Key Energy Services, Inc.","6.49","988491874.04","n/a","n/a","Energy","Oilfield Services/Equipment","http://www.nasdaq.com/symbol/keg",
"KMR","Kinder Morgan Management, LLC","86.34","10095125776.2","n/a","n/a","Energy","Natural Gas Distribution","http://www.nasdaq.com/symbol/kmr",
"KOG","Kodiak Oil & Gas Corp.","8.59","2280059720.35","n/a","n/a","Energy","Oil & Gas Production","http://www.nasdaq.com/symbol/kog",
"PHG","Koninklijke Philips N.V.","29.31","26536717110","n/a","n/a","Energy","Consumer Electronics/Appliances","http://www.nasdaq.com/symbol/phg",
"KOS","Kosmos Energy Ltd.","10.8","4196717794.8","n/a","n/a","Energy","Oil & Gas Production","http://www.nasdaq.com/symbol/kos",
"LLEN","L&L Energy, Inc.","3.46","131996498.42","n/a","n/a","Energy","Coal Mining","http://www.nasdaq.com/symbol/llen",
"LPI","Laredo Petroleum Holdings, Inc.","20.48","2649357352.96","n/a","n/a","Energy","Oil & Gas Production","http://www.nasdaq.com/symbol/lpi",
"LGCY","Legacy Reserves LP","27.09","1555611256.71","n/a","1996","Energy","Oil & Gas Production","http://www.nasdaq.com/symbol/lgcy",
"LGP","Lehigh Gas Partners LP","24.98","375975079.12","n/a","n/a","Energy","Oil Refining/Marketing","http://www.nasdaq.com/symbol/lgp",
"LNCO","Linn Co, LLC","29.16","1014403500","n/a","n/a","Energy","Oil & Gas Production","http://www.nasdaq.com/symbol/lnco",
"LINE","Linn Energy, LLC","24.84","5839237365.12","n/a","1983","Energy","Oil & Gas Production","http://www.nasdaq.com/symbol/line",
"LPR","Lone Pine Resources Inc.","0.48","41549783.04","n/a","n/a","Energy","Oil & Gas Production","http://www.nasdaq.com/symbol/lpr",
"LRE","LRR Energy, L.P.","15.06","394098197.34","n/a","1992","Energy","Oil & Gas Production","http://www.nasdaq.com/symbol/lre",
"LEI","Lucas Energy, Inc.","1.26","33685132.32","n/a","n/a","Energy","Oil & Gas Production","http://www.nasdaq.com/symbol/lei",
"MIC","Macquarie Infrastructure Company LLC","56.17","2720556147.59","n/a","1992","Energy","Oil Refining/Marketing","http://www.nasdaq.com/symbol/mic",
"MMP","Magellan Midstream Partners L.P.","55.1","12490037033.8","n/a","n/a","Energy","Natural Gas Distribution","http://www.nasdaq.com/symbol/mmp",
"MPET","Magellan Petroleum Corporation","1.07","47767991.81","n/a","n/a","Energy","Oil & Gas Production","http://www.nasdaq.com/symbol/mpet",
"MHR","Magnum Hunter Resources Corporation","3.97","673653038.88","n/a","n/a","Energy","Oil & Gas Production","http://www.nasdaq.com/symbol/mhr",
"MRO","Marathon Oil Corporation","36.84","26112818574.72","n/a","n/a","Energy","Oil & Gas Production","http://www.nasdaq.com/symbol/mro",
"MPC","Marathon Petroleum Corporation","73.24","23787427125.28","n/a","n/a","Energy","Integrated oil Companies","http://www.nasdaq.com/symbol/mpc",
"MARPS","Marine Petroleum Trust","16.7701","33540200","n/a","n/a","Energy","Oil & Gas Production","http://www.nasdaq.com/symbol/marps",
"MWE","MarkWest Energy Partners, LP","65.81","9892346567.89","n/a","2002","Energy","Oil & Gas Production","http://www.nasdaq.com/symbol/mwe",
"MMLP","Martin Midstream Partners L.P.","46.05","1226047909.8","n/a","2002","Energy","Oil Refining/Marketing","http://www.nasdaq.com/symbol/mmlp",
"MTDR","Matador Resources Company","11.76","656938966.32","n/a","n/a","Energy","Oil & Gas Production","http://www.nasdaq.com/symbol/mtdr",
"MXWL","Maxwell Technologies, Inc.","7.97","232587896.31","n/a","n/a","Energy","Industrial Machinery/Components","http://www.nasdaq.com/symbol/mxwl",
"MEMP","Memorial Production Partners LP","19.3","850431224.2","n/a","n/a","Energy","Oil & Gas Production","http://www.nasdaq.com/symbol/memp",
"MTR","Mesa Royalty Trust","22.3899","41725593.741","n/a","n/a","Energy","Oil & Gas Production","http://www.nasdaq.com/symbol/mtr",
"MXC","Mexco Energy Corporation","5.48","11162025.68","n/a","1972","Energy","Oil & Gas Production","http://www.nasdaq.com/symbol/mxc",
"MGEE","MGE Energy Inc.","58.79","1358850778.02","n/a","n/a","Energy","Electric Utilities: Central","http://www.nasdaq.com/symbol/mgee",
"MCEP","Mid-Con Energy Partners, LP","22.88","439990408","n/a","n/a","Energy","Oil & Gas Production","http://www.nasdaq.com/symbol/mcep",
"MPO","Midstates Petroleum Company, Inc.","5.97","409831443.51","n/a","n/a","Energy","Oil & Gas Production","http://www.nasdaq.com/symbol/mpo",
"MILL","Miller Energy Resources, Inc.","4.06","176263657.64","n/a","1994","Energy","Oil & Gas Production","http://www.nasdaq.com/symbol/mill",
"MPLX","MPLX LP","37.61","2779492958.3","n/a","1983","Energy","Natural Gas Distribution","http://www.nasdaq.com/symbol/mplx",
"MUR","Murphy Oil Corporation","64.58","12333080189.82","n/a","n/a","Energy","Integrated oil Companies","http://www.nasdaq.com/symbol/mur",
"MVO","MV Oil Trust","29.53","339595000","n/a","2007","Energy","Oil & Gas Production","http://www.nasdaq.com/symbol/mvo",
"NBR","Nabors Industries Ltd.","14.8","4360355620.4","n/a","n/a","Energy","Oil & Gas Production","http://www.nasdaq.com/symbol/nbr",
"NOV","National Oilwel Varcol, Inc.","72.96","31174438978.56","n/a","n/a","Energy","Metal Fabrications","http://www.nasdaq.com/symbol/nov",
"NGS","Natural Gas Services Group, Inc.","26.84","331934735.44","n/a","2002","Energy","Oilfield Services/Equipment","http://www.nasdaq.com/symbol/ngs",
"NRP","Natural Resource Partners LP","22.07","2423559844.56","n/a","2002","Energy","Coal Mining","http://www.nasdaq.com/symbol/nrp",
"GBR","New Concept Energy, Inc","1.07","2083220.45","n/a","n/a","Energy","Oil & Gas Production","http://www.nasdaq.com/symbol/gbr",
"NSLP","New Source Energy Partners L.P.","20.4","183161400","n/a","n/a","Energy","Oil & Gas Production","http://www.nasdaq.com/symbol/nslp",
"NFX","Newfield Exploration Company","25.75","3487740989","n/a","1993","Energy","Oil & Gas Production","http://www.nasdaq.com/symbol/nfx",
"NR","Newpark Resources, Inc.","12.15","1046799300.15","n/a","n/a","Energy","Metal Fabrications","http://www.nasdaq.com/symbol/nr",
"NE","Noble Corporation","40.25","10681785654.75","n/a","n/a","Energy","Oil & Gas Production","http://www.nasdaq.com/symbol/ne",
"NBL","Noble Energy Inc.","64.3","23059841356.4","n/a","n/a","Energy","Oil & Gas Production","http://www.nasdaq.com/symbol/nbl",
"NOA","North American Energy Partners, Inc.","4.89","177267419.34","n/a","2006","Energy","Oilfield Services/Equipment","http://www.nasdaq.com/symbol/noa",
"NRT","North European Oil Royality Trust","25","229764750","n/a","n/a","Energy","Oil & Gas Production","http://www.nasdaq.com/symbol/nrt",
"NOG","Northern Oil and Gas, Inc.","13.7","873841512.4","n/a","n/a","Energy","Oil & Gas Production","http://www.nasdaq.com/symbol/nog",
"NTI","Northern Tier Energy LP","24.07","2213347631.19","n/a","n/a","Energy","Integrated oil Companies","http://www.nasdaq.com/symbol/nti",
"NS","Nustar Energy L.P.","45.4","3536027941.2","n/a","1993","Energy","Natural Gas Distribution","http://www.nasdaq.com/symbol/ns",
"NSH","Nustar GP Holdings, LLC","26.77","1141048388.42","n/a","n/a","Energy","Natural Gas Distribution","http://www.nasdaq.com/symbol/nsh",
"NSS","NuStar Logistics, L.P.","26.6792","0","n/a","1988","Energy","Natural Gas Distribution","http://www.nasdaq.com/symbol/nss",
"NES","Nuverra Environmental Solutions, Inc.","3.44","867532726.24","n/a","n/a","Energy","Oilfield Services/Equipment","http://www.nasdaq.com/symbol/nes",
"OAS","Oasis Petroleum Inc.","41.9","3920981343.3","n/a","1993","Energy","Oil & Gas Production","http://www.nasdaq.com/symbol/oas",
"OXY","Occidental Petroleum Corporation","90.22","72685175516.2","n/a","n/a","Energy","Oil & Gas Production","http://www.nasdaq.com/symbol/oxy",
"ORIG","Ocean Rig UDW Inc.","17.7","2331534765.6","n/a","n/a","Energy","Oil & Gas Production","http://www.nasdaq.com/symbol/orig",
"OII","Oceaneering International, Inc.","79.11","8559470524.14","n/a","n/a","Energy","Oilfield Services/Equipment","http://www.nasdaq.com/symbol/oii",
"OIS","Oil States International, Inc.","96.31","5293494234.8","n/a","2001","Energy","Metal Fabrications","http://www.nasdaq.com/symbol/ois",
"OILT","Oiltanking Partners, L.P.","49.29","1917371240.58","n/a","n/a","Energy","Natural Gas Distribution","http://www.nasdaq.com/symbol/oilt",
"OXF","Oxford Resource Partners, LP","2.1699","45141091.5195","n/a","2010","Energy","Coal Mining","http://www.nasdaq.com/symbol/oxf",
"ROYT","Pacific Coast Oil Trust","17","655913686","n/a","n/a","Energy","Oil & Gas Production","http://www.nasdaq.com/symbol/royt",
"PACD","Pacific Drilling S.A.","9.49","2058399980","n/a","n/a","Energy","Oil & Gas Production","http://www.nasdaq.com/symbol/pacd",
"PHX","Panhandle Royalty Company","31.65","260938330.05","n/a","n/a","Energy","Oil & Gas Production","http://www.nasdaq.com/symbol/phx",
"PKD","Parker Drilling Company","5.21","620609750.34","n/a","n/a","Energy","Oil & Gas Production","http://www.nasdaq.com/symbol/pkd",
"PTEN","Patterson-UTI Energy, Inc.","20.94","3075874568.82","n/a","1993","Energy","Oil & Gas Production","http://www.nasdaq.com/symbol/pten",
"PBF","PBF Energy Inc.","23.11","545716674.36","n/a","2004","Energy","Integrated oil Companies","http://www.nasdaq.com/symbol/pbf",
"PDCE","PDC Energy, Inc.","55.46","1682728608.92","n/a","n/a","Energy","Oil & Gas Production","http://www.nasdaq.com/symbol/pdce",
"BTU","Peabody Energy Corporation","15.99","4311371627.55","n/a","2001","Energy","Coal Mining","http://www.nasdaq.com/symbol/btu",
"PBA","Pembina Pipeline Corp.","32.36","9934286263.72","n/a","1999","Energy","Oil & Gas Production","http://www.nasdaq.com/symbol/pba",
"PGH","Pengrowth Energy Corporation","5.1","2636174292","n/a","n/a","Energy","Oil & Gas Production","http://www.nasdaq.com/symbol/pgh",
"PVA","Penn Virginia Corporation","4.9","319592244.3","n/a","n/a","Energy","Oil & Gas Production","http://www.nasdaq.com/symbol/pva",
"PWE","Penn West Petroleum Ltd","11.55","5601827950.95","n/a","n/a","Energy","Oil & Gas Production","http://www.nasdaq.com/symbol/pwe",
"PBT","Permian Basin Royalty Trust","13.34","621761338.64","n/a","n/a","Energy","Oil & Gas Production","http://www.nasdaq.com/symbol/pbt",
"PZE","Petrobras Argentina S.A.","3.67","740973000","n/a","n/a","Energy","Oil & Gas Production","http://www.nasdaq.com/symbol/pze",
"PTR","PetroChina Company Limited","118.64","217136088061.92","n/a","2000","Energy","Oil & Gas Production","http://www.nasdaq.com/symbol/ptr",
"PBR","Petroleo Brasileiro S.A.- Petrobras","13.05","85115342468.25","n/a","n/a","Energy","Oil & Gas Production","http://www.nasdaq.com/symbol/pbr",
"PBR/A","Petroleo Brasileiro S.A.- Petrobras","13.75","0","n/a","n/a","Energy","Oil & Gas Production","http://www.nasdaq.com/symbol/pbr/a",
"PQ","Petroquest Energy Inc","4.65","299710704.75","n/a","n/a","Energy","Oil & Gas Production","http://www.nasdaq.com/symbol/pq",
"PSX","Phillips 66","59.09","36590445056.87","n/a","n/a","Energy","Integrated oil Companies","http://www.nasdaq.com/symbol/psx",
"PES","Pioneer Energy Services Corp.","7.13","443304755.4","n/a","n/a","Energy","Oil & Gas Production","http://www.nasdaq.com/symbol/pes",
"PXD","Pioneer Natural Resources Company","153.43","20955176195.27","n/a","n/a","Energy","Oil & Gas Production","http://www.nasdaq.com/symbol/pxd",
"PSE","Pioneer Southwest Energy Partners L.P.","36","1285693200","n/a","2008","Energy","Oil & Gas Production","http://www.nasdaq.com/symbol/pse",
"PAA","Plains All American Pipeline, L.P.","56.43","19135020980.79","n/a","1998","Energy","Natural Gas Distribution","http://www.nasdaq.com/symbol/paa",
"PLUG","Plug Power, Inc.","0.3896","24934400","n/a","1999","Energy","Industrial Machinery/Components","http://www.nasdaq.com/symbol/plug",
"PSTR","PostRock Energy Corporation","1.5701","38096507.5946","n/a","n/a","Energy","Oil & Gas Production","http://www.nasdaq.com/symbol/pstr",
"PSIX","Power Solutions International, Inc.","45.24","420164418.96","n/a","n/a","Energy","Industrial Machinery/Components","http://www.nasdaq.com/symbol/psix",
"PDS","Precision Drilling Corporation","9.23","2553458234.08","n/a","1973","Energy","Oil & Gas Production","http://www.nasdaq.com/symbol/pds",
"PNRG","PrimeEnergy Corporation","38.91","94857755.16","n/a","n/a","Energy","Oil & Gas Production","http://www.nasdaq.com/symbol/pnrg",
"PDO","Pyramid Oil Co","4.25","19924361.25","n/a","n/a","Energy","Oil & Gas Production","http://www.nasdaq.com/symbol/pdo",
"QEP","QEP Resources, Inc.","29.62","5309820976.78","n/a","n/a","Energy","Oil & Gas Production","http://www.nasdaq.com/symbol/qep",
"QRE","QR Energy, LP","16.72","1182373292.32","n/a","2010","Energy","Oil & Gas Production","http://www.nasdaq.com/symbol/qre",
"KWK","Quicksilver Resources Inc.","1.69","298324023.79","n/a","n/a","Energy","Oil & Gas Production","http://www.nasdaq.com/symbol/kwk",
"RRC","Range Resources Corporation","77.3","12605510975.1","n/a","n/a","Energy","Oil & Gas Production","http://www.nasdaq.com/symbol/rrc",
"RCON","Recon Technology, Ltd.","1.84","7271332.24","n/a","2009","Energy","Oilfield Services/Equipment","http://www.nasdaq.com/symbol/rcon",
"RECV","Recovery Energy, Inc.","1.65","30618941.1","n/a","n/a","Energy","Oil & Gas Production","http://www.nasdaq.com/symbol/recv",
"RGP","Regency Energy Partners LP","28.69","5805290903.12","n/a","n/a","Energy","Oil & Gas Production","http://www.nasdaq.com/symbol/rgp",
"REN           ","Resolute Energy Corporation","8.31","659137939.95","n/a","n/a","Energy","Oil & Gas Production","http://www.nasdaq.com/symbol/ren           ",
"REXX","Rex Energy Corporation","18.06","961292587.08","n/a","2007","Energy","Oil & Gas Production","http://www.nasdaq.com/symbol/rexx",
"RNO","Rhino Resource Partners LP","13.36","371032530.56","n/a","2010","Energy","Coal Mining","http://www.nasdaq.com/symbol/rno",
"RSTI","Rofin-Sinar Technologies, Inc.","24.42","690470957.88","n/a","1996","Energy","Industrial Machinery/Components","http://www.nasdaq.com/symbol/rsti",
"RRMS","Rose Rock Midstream, L.P.","37.2","801038388","n/a","n/a","Energy","Natural Gas Distribution","http://www.nasdaq.com/symbol/rrms",
"ROSE","Rosetta Resources Inc.","46.39","2833935178.45","n/a","n/a","Energy","Oil & Gas Production","http://www.nasdaq.com/symbol/rose",
"RDC","Rowan Companies plc","35.16","4366848759.24","n/a","n/a","Energy","Oil & Gas Production","http://www.nasdaq.com/symbol/rdc",
"ROYL","Royale Energy, Inc.","2.75","35875028.75","n/a","1970","Energy","Oil & Gas Production","http://www.nasdaq.com/symbol/royl",
"RES","RPC, Inc.","14.2","3131941066","n/a","n/a","Energy","Oilfield Services/Equipment","http://www.nasdaq.com/symbol/res",
"SBR","Sabine Royalty Trust","51.425","749742816.625","n/a","n/a","Energy","Oil & Gas Production","http://www.nasdaq.com/symbol/sbr",
"SSN","Samson Oil & Gas Limited","0.4651","49180414.4392","n/a","n/a","Energy","Oil & Gas Production","http://www.nasdaq.com/symbol/ssn",
"SJT","San Juan Basin Royalty Trust","16.08","749469439.68","n/a","n/a","Energy","Oil & Gas Production","http://www.nasdaq.com/symbol/sjt",
"SN","Sanchez Energy Corporation","23.83","824985854.39","n/a","n/a","Energy","Oil & Gas Production","http://www.nasdaq.com/symbol/sn",
"SD","Sandridge Energy Inc.","4.87","2407328986.29","n/a","1993","Energy","Oil & Gas Production","http://www.nasdaq.com/symbol/sd",
"SDT","SandRidge Mississippian Trust I","13.64","381920000","n/a","2001","Energy","Oil & Gas Production","http://www.nasdaq.com/symbol/sdt",
"SDR","SandRidge Mississippian Trust II","13.58","675265500","n/a","n/a","Energy","Oil & Gas Production","http://www.nasdaq.com/symbol/sdr",
"PER","SandRidge Permian Trust","15.58","817950000","n/a","1999","Energy","Oil & Gas Production","http://www.nasdaq.com/symbol/per",
"SARA","Saratoga Resources Inc","1.66","51313257.66","n/a","n/a","Energy","Oil & Gas Production","http://www.nasdaq.com/symbol/sara",
"SSL","Sasol Ltd.","44.82","29093642706.42","n/a","n/a","Energy","Oil & Gas Production","http://www.nasdaq.com/symbol/ssl",
"SLB","Schlumberger N.V.","76.84","102154944300.88","n/a","n/a","Energy","Oilfield Services/Equipment","http://www.nasdaq.com/symbol/slb",
"SDLP","Seadrill Partners LLC","28.31","1170855596.25","n/a","n/a","Energy","Oil & Gas Production","http://www.nasdaq.com/symbol/sdlp",
"SEMG","Semgroup Corporation","56.28","2366558748.12","n/a","n/a","Energy","Oilfield Services/Equipment","http://www.nasdaq.com/symbol/semg",
"SEV","Sevcon, Inc.","4.82","16764870.98","n/a","n/a","Energy","Industrial Machinery/Components","http://www.nasdaq.com/symbol/sev",
"SI","Siemens AG","107.33","90512970185.56","n/a","1988","Energy","Consumer Electronics/Appliances","http://www.nasdaq.com/symbol/si",
"SM","SM Energy Company","64.27","4259547208.48","n/a","1997","Energy","Oil & Gas Production","http://www.nasdaq.com/symbol/sm",
"SOQ","Sonde Resources Corp","0.93","57940344.78","n/a","n/a","Energy","Oil & Gas Production","http://www.nasdaq.com/symbol/soq",
"SWN","Southwestern Energy Company","38.74","13617967703.6","n/a","n/a","Energy","Oil & Gas Production","http://www.nasdaq.com/symbol/swn",
"SPB           ","Spectrum Brands Holdings, Inc.","57.77","3012182277.11","n/a","n/a","Energy","Industrial Machinery/Components","http://www.nasdaq.com/symbol/spb           ",
"STO","Statoil ASA","21.43","68332707417.29","n/a","n/a","Energy","Integrated oil Companies","http://www.nasdaq.com/symbol/sto",
"SGY","Stone Energy Corporation","24.35","1216725913.5","n/a","1993","Energy","Oil & Gas Production","http://www.nasdaq.com/symbol/sgy",
"SU","Suncor Energy  Inc.","31.2","47038150598.4","n/a","n/a","Energy","Integrated oil Companies","http://www.nasdaq.com/symbol/su",
"SXL","Sunoco Logistics Partners LP","63.99","6642010791.63","n/a","2002","Energy","Natural Gas Distribution","http://www.nasdaq.com/symbol/sxl",
"SPN","Superior Energy Services, Inc.","27.5","4387991135","n/a","n/a","Energy","Oilfield Services/Equipment","http://www.nasdaq.com/symbol/spn",
"SUSP","Susser Petroleum Partners LP","29.66","648927343.52","n/a","n/a","Energy","Oil Refining/Marketing","http://www.nasdaq.com/symbol/susp",
"SFY","Swift Energy Company","12.43","538940673.37","n/a","1981","Energy","Oil & Gas Production","http://www.nasdaq.com/symbol/sfy",
"SYRG","Synergy Resources Corporation","7.31","504042994.3","n/a","n/a","Energy","Oil & Gas Production","http://www.nasdaq.com/symbol/syrg",
"SYNM","Syntroleum Corporation","7.05","70021220.4","n/a","n/a","Energy","Oil & Gas Production","http://www.nasdaq.com/symbol/synm",
"TLM","Talisman Energy Inc.","11.47","11866352548.48","n/a","n/a","Energy","Oil & Gas Production","http://www.nasdaq.com/symbol/tlm",
"TGC","Tengasco, Inc.","0.5121","31157399.6973","n/a","n/a","Energy","Oil & Gas Production","http://www.nasdaq.com/symbol/tgc",
"TESO","Tesco Corporation","13.47","524642114.04","n/a","n/a","Energy","Metal Fabrications","http://www.nasdaq.com/symbol/teso",
"TSO","Tesoro Corporation","55.2","7496998819.2","n/a","n/a","Energy","Integrated oil Companies","http://www.nasdaq.com/symbol/tso",
"TLLP","Tesoro Logistics LP","57.15","2687606880.3","n/a","n/a","Energy","Natural Gas Distribution","http://www.nasdaq.com/symbol/tllp",
"TTI","Tetra Technologies, Inc.","11.13","871143697.62","n/a","n/a","Energy","Oil & Gas Production","http://www.nasdaq.com/symbol/tti",
"TGE","TGC Industries, Inc.","8.85","183784383.45","n/a","n/a","Energy","Oil & Gas Production","http://www.nasdaq.com/symbol/tge",
"THR","Thermon Group Holdings, Inc.","21.33","668869894.08","n/a","n/a","Energy","Industrial Machinery/Components","http://www.nasdaq.com/symbol/thr",
"TOT","TotalFinaElf, S.A.","50.47","113938155187.29","n/a","n/a","Energy","Oil & Gas Production","http://www.nasdaq.com/symbol/tot",
"TAT","Transatlantic Petroleum Ltd","0.77","284058386.92","n/a","n/a","Energy","Oil & Gas Production","http://www.nasdaq.com/symbol/tat",
"TGA","Transglobe Energy Corp","6.02","444842710.76","n/a","n/a","Energy","Oil & Gas Production","http://www.nasdaq.com/symbol/tga",
"TLP","Transmontaigne Partners L.P.","42.38","612690457.08","n/a","2005","Energy","Natural Gas Distribution","http://www.nasdaq.com/symbol/tlp",
"RIG","Transocean Ltd.","49.99","18013719285.45","n/a","1993","Energy","Oil & Gas Production","http://www.nasdaq.com/symbol/rig",
"TPLM","Triangle Petroleum Corporation","7.24","408447524.96","n/a","n/a","Energy","Oil & Gas Production","http://www.nasdaq.com/symbol/tplm",
"USEG","U.S. Energy Corp.","2.11","58410290.22","n/a","n/a","Energy","Oil & Gas Production","http://www.nasdaq.com/symbol/useg",
"UPL","Ultra Petroleum Corp.","20.78","3177892174.28","n/a","n/a","Energy","Oil & Gas Production","http://www.nasdaq.com/symbol/upl",
"ULBI","Ultralife Corporation","3.94","68788369.38","n/a","1992","Energy","Industrial Machinery/Components","http://www.nasdaq.com/symbol/ulbi",
"UNT","Unit Corporation","44.6","2189136409.6","n/a","n/a","Energy","Oil & Gas Production","http://www.nasdaq.com/symbol/unt",
"EGY","Vaalco Energy Inc","6.38","369464524","n/a","n/a","Energy","Oil & Gas Production","http://www.nasdaq.com/symbol/egy",
"VLO","Valero Energy Corporation","35.86","19556809340.2","n/a","n/a","Energy","Integrated oil Companies","http://www.nasdaq.com/symbol/vlo",
"VNR","Vanguard Natural Resources LLC","27.07","2062294166.64","n/a","n/a","Energy","Oil & Gas Production","http://www.nasdaq.com/symbol/vnr",
"VTG","Vantage Drilling Company","1.81","546730815.44","n/a","n/a","Energy","Oil & Gas Production","http://www.nasdaq.com/symbol/vtg",
"VET","Vermilion Energy Inc.","50.92","5157834620.76","n/a","1991","Energy","Oil & Gas Production","http://www.nasdaq.com/symbol/vet",
"VOC","VOC Energy Trust","14.35","243950000","n/a","n/a","Energy","Oil & Gas Production","http://www.nasdaq.com/symbol/voc",
"WTI","W&T Offshore, Inc.","15.29","1150566842.7","n/a","2005","Energy","Oil & Gas Production","http://www.nasdaq.com/symbol/wti",
"WLT","Walter Energy, Inc.","12.27","767755679.25","n/a","n/a","Energy","Coal Mining","http://www.nasdaq.com/symbol/wlt",
"WRES","Warren Resources, Inc.","2.87","209123439.7","n/a","2004","Energy","Oil & Gas Production","http://www.nasdaq.com/symbol/wres",
"WFT","Weatherford International, Ltd","14.27","10927506006.55","n/a","n/a","Energy","Oil & Gas Production","http://www.nasdaq.com/symbol/wft",
"WNR","Western Refining, Inc.","29.26","2424269972.74","n/a","2006","Energy","Integrated oil Companies","http://www.nasdaq.com/symbol/wnr",
"WLB","Westmoreland Coal Company","12.41","179482777.14","n/a","n/a","Energy","Coal Mining","http://www.nasdaq.com/symbol/wlb",
"WLBPZ","Westmoreland Coal Company","29.99","4797200.4","n/a","n/a","Energy","Coal Mining","http://www.nasdaq.com/symbol/wlbpz",
"WPRT","Westport Innovations Inc","31.94","1800679591.36","n/a","n/a","Energy","Industrial Machinery/Components","http://www.nasdaq.com/symbol/wprt",
"WLL","Whiting Petroleum Corporation","48.51","5715961047.72","n/a","2003","Energy","Oil & Gas Production","http://www.nasdaq.com/symbol/wll",
"WHX","Whiting USA Trust I","4.44","61555667.16","n/a","2008","Energy","Oil & Gas Production","http://www.nasdaq.com/symbol/whx",
"WHZ","Whiting USA Trust II","12.9","237360000","n/a","n/a","Energy","Oil & Gas Production","http://www.nasdaq.com/symbol/whz",
"WG","Willbros Group, Inc.","7","347413255","n/a","1996","Energy","Oilfield Services/Equipment","http://www.nasdaq.com/symbol/wg",
"WWD","Woodward, Inc.","41.35","2843186014.55","n/a","n/a","Energy","Industrial Machinery/Components","http://www.nasdaq.com/symbol/wwd",
"INT","World Fuel Services Corporation","40.8","2963018400","n/a","n/a","Energy","Oil Refining/Marketing","http://www.nasdaq.com/symbol/int",
"WPX","WPX Energy, Inc.","19.85","3974537848.95","n/a","n/a","Energy","Oil & Gas Production","http://www.nasdaq.com/symbol/wpx",
"WH","WSP Holdings Limited","3.09","63151942.98","n/a","2007","Energy","Metal Fabrications","http://www.nasdaq.com/symbol/wh",
"YZC","Yanzhou Coal Mining Company Limited","7.18","3531411200","n/a","1998","Energy","Coal Mining","http://www.nasdaq.com/symbol/yzc",
"YPF","YPF Sociedad Anonima","15.24","5994086965.32","n/a","1993","Energy","Integrated oil Companies","http://www.nasdaq.com/symbol/ypf",
"ZAZA","ZaZa Energy Corporation","1.28","135102147.84","n/a","n/a","Energy","Oil & Gas Production","http://www.nasdaq.com/symbol/zaza",
"ZN","Zion Oil & Gas Inc","2.33","76450813.64","n/a","n/a","Energy","Oil & Gas Production","http://www.nasdaq.com/symbol/zn",
"ZOLT","Zoltek Companies, Inc.","13.81","474858714.35","n/a","1992","Energy","Industrial Machinery/Components","http://www.nasdaq.com/symbol/zolt",
